cluster;topics;misinformation_cases;debunk_link
Les énergies renouvelables variables font exploser le prix de l’électricité;Solutions - Energie;125;https://science.feedback.org/fr/informations-trompeuses-climat-television-radio-france-analyse-ampleur-recits-frequents/#:~:text=Les%20%C3%A9nergies%20renouvelables%20variables%20font%20exploser%20le%20prix%20de%20l%E2%80%99%C3%A9lectricit%C3%A9
Les énergies renouvelables sont inefficaces ou inutiles en raison de leur intermittence;Solutions - Energie;71;https://science.feedback.org/fr/informations-trompeuses-climat-television-radio-france-analyse-ampleur-recits-frequents/#:~:text=Les%20%C3%A9nergies%20renouvelables%20sont%20inefficaces%20ou%20inutiles%20en%20raison%20de%20leur%20intermittence
Le soutien de l'État aux énergies renouvelables est gigantesque (de l'ordre de dizaine voire centaine de milliards d'euros dans les prochaines décennies);Solutions - Energie;71;https://science.feedback.org/fr/informations-trompeuses-climat-television-radio-france-analyse-ampleur-recits-frequents/#:~:text=Le%20soutien%20de%20l%E2%80%99%C3%89tat%20aux%20%C3%A9nergies%20renouvelables%20est%20gigantesque%20(de%20l%E2%80%99ordre%20de%20dizaine%20voire%20centaine%20de%20milliards%20d%E2%80%99euros%20dans%20les%20prochaines%20d%C3%A9cennies)
Les énergies renouvelables variables provoquent des blackouts et compromettent la sécurité d’approvisionnement électrique;Solutions - Energie;44;https://science.feedback.org/fr/informations-trompeuses-climat-television-radio-france-analyse-ampleur-recits-frequents/#:~:text=Les%20%C3%A9nergies%20renouvelables%20variables%20provoquent%20des%20blackouts%20et%20compromettent%20la%20s%C3%A9curit%C3%A9%20d%E2%80%99approvisionnement%20%C3%A9lectrique
En France, la production nucléaire suffit à répondre aux besoins en énergie et grâce à elle le mix électrique et/ou énergétique est déjà décarboné;Solutions - Energie;42;https://science.feedback.org/fr/informations-trompeuses-climat-television-radio-france-analyse-ampleur-recits-frequents/#:~:text=En%20France%2C%20la%20production%20nucl%C3%A9aire%20suffit%20%C3%A0%20r%C3%A9pondre%20aux%20besoins%20en%20%C3%A9nergie%20et%20gr%C3%A2ce%20%C3%A0%20elle%20le%20mix%20%C3%A9lectrique%20et/ou%20%C3%A9nerg%C3%A9tique%20est%20d%C3%A9j%C3%A0%20d%C3%A9carbon%C3%A9
Le bilan environnemental des éoliennes est négatif et elles sont un désastre pour la biodiversité (oiseaux) et la santé humaine (maladies).;Solutions - Energie;39;https://science.feedback.org/fr/informations-trompeuses-climat-television-radio-france-analyse-ampleur-recits-frequents/#:~:text=Le%20bilan%20environnemental%20des%20%C3%A9oliennes%20est%20n%C3%A9gatif%2C%20c%E2%80%99est%20un%20d%C3%A9sastre%20pour%20la%20biodiversit%C3%A9%20(oiseaux)%20et%20la%20sant%C3%A9%20humaine%20(maladies)
La France est l'un des pays qui émet le moins de gaz à effet de serre au monde;Solutions - Rôle de la France;25;https://science.feedback.org/fr/informations-trompeuses-climat-television-radio-france-analyse-ampleur-recits-frequents/#:~:text=La%20France%20est%20l%E2%80%99un%20des%20pays%20qui%20%C3%A9met%20le%20moins%20de%20gaz%20%C3%A0%20effet%20de%20serre%20au%20monde
Réduire les émissions de gaz à effet de serre de la France n'a aucun impact sur le climat surtout si les autres pays ne le font pas;Solutions - Rôle de la France;23;https://science.feedback.org/fr/informations-trompeuses-climat-television-radio-france-analyse-ampleur-recits-frequents/#:~:text=R%C3%A9duire%20les%20%C3%A9missions%20de%20gaz%20%C3%A0%20effet%20de%20serre%20de%20la%20France%20n%E2%80%99a%20aucun%20impact%20sur%20le%20climat%20surtout%20si%20les%20autres%20pays%20ne%20le%20font%20pas
Les ZFE ne produisent aucun effet écologique notable et ne réduisent pas les émissions de gaz à effet de serre.;Solutions - Mobilité;20;https://science.feedback.org/fr/informations-trompeuses-climat-television-radio-france-analyse-ampleur-recits-frequents/#:~:text=Les%20ZFE%20ne%20produisent%20aucun%20effet%20%C3%A9cologique%20notable%20et%20ne%20r%C3%A9duisent%20pas%20les%20%C3%A9missions%20de%20gaz%20%C3%A0%20effet%20de%20serre
Les voitures thermiques ne sont pas un problème pour l'environnement, en particulier si elles sont alimentées à l'éthanol, au diesel, ou si elles sont récentes;Solutions - Mobilité;18;https://science.feedback.org/fr/informations-trompeuses-climat-television-radio-france-analyse-ampleur-recits-frequents/#:~:text=Les%20voitures%20thermiques%20ne%20sont%20pas%20un%20probl%C3%A8me%20pour%20l%E2%80%99environnement%2C%20en%20particulier%20si%20elles%20sont%20aliment%C3%A9es%20%C3%A0%20l%E2%80%99%C3%A9thanol%2C%20au%20diesel%2C%20ou%20si%20elles%20sont%20r%C3%A9centes
Le climat a toujours fluctué de façon naturelle, c'est aussi le cas aujourd'hui et il n'y a aucune raison de s'en inquiéter;Sciences climatiques;17;https://science.feedback.org/fr/informations-trompeuses-climat-television-radio-france-analyse-ampleur-recits-frequents/#:~:text=Le%20climat%20a%20toujours%20fluctu%C3%A9%20de%20fa%C3%A7on%20naturelle%2C%20c%E2%80%99est%20aussi%20le%20cas%20aujourd%E2%80%99hui%20et%20il%20n%E2%80%99y%20a%20aucune%20raison%20de%20s%E2%80%99en%20inqui%C3%A9ter
Les politiques climatiques sont adoptées sans aucune étude préalable, sans connaitre l'impact qu'elles pourraient avoir;Solutions - General;17;https://science.feedback.org/fr/informations-trompeuses-climat-television-radio-france-analyse-ampleur-recits-frequents/#:~:text=Les%20politiques%20climatiques%20sont%20adopt%C3%A9es%20sans%20aucune%20%C3%A9tude%20pr%C3%A9alable%2C%20sans%20conna%C3%AEtre%20l%E2%80%99impact%20qu%E2%80%99elles%20pourraient%20avoir
Les voitures électriques polluent plus que les voitures thermiques ou hybrides;Solutions - Mobilité;17;https://science.feedback.org/fr/informations-trompeuses-climat-television-radio-france-analyse-ampleur-recits-frequents/#:~:text=Les%20voitures%20%C3%A9lectriques%20polluent%20plus%20que%20les%20voitures%20thermiques%20ou%20hybrides
Les données scientifiques sur l’ampleur du changement climatique sont falsifiées et exagérées par des scientifiques, des ONG et des institutions, dans le but de manipuler l’opinion publique et de servir leurs propres intérêts.;Messagers de la transition (scientifiques, etc.);16;
L'origine anthropique du réchauffement climatique est incertaine ou insignifiante;Sciences climatiques;16;https://science.feedback.org/fr/informations-trompeuses-climat-television-radio-france-analyse-ampleur-recits-frequents/#:~:text=L%E2%80%99origine%20anthropique%20du%20r%C3%A9chauffement%20climatique%20est%20incertaine%20ou%20insignifiante
La climatisation n'a pas d'impact négatif face au changement climatique, c'est une bonne solution d'adaptation;Solutions - Adaptation climatique;15;https://science.feedback.org/fr/informations-trompeuses-climat-television-radio-france-analyse-ampleur-recits-frequents/#:~:text=La%20climatisation%20n%E2%80%99a%20pas%20d%E2%80%99impact%20n%C3%A9gatif%20face%20au%20changement%20climatique%2C%20c%E2%80%99est%20une%20bonne%20solution%20d%E2%80%99adaptation
Les solutions de décarbonation de l’économie cachent des intérêts financiers, et non un réel intérêt climatique;Solutions - General;13;https://science.feedback.org/fr/informations-trompeuses-climat-television-radio-france-analyse-ampleur-recits-frequents/#:~:text=Les%20solutions%20de%20d%C3%A9carbonation%20de%20l%E2%80%99%C3%A9conomie%20cachent%20des%20int%C3%A9r%C3%AAts%20financiers%2C%20et%20non%20un%20r%C3%A9el%20int%C3%A9r%C3%AAt%20climatique
On nous fait croire qu'il existe un consensus sur le réchauffement climatique, ce qui est faux puisque certains scientifiques sont en désaccord, et on nous interdit d'en débattre;Sciences climatiques;13;
L'agriculture et l'élevage sont inoffensifs voire bons pour l'environnement (les prairies sont un puits de carbone);Solutions - Agriculture;9;https://science.feedback.org/fr/informations-trompeuses-climat-television-radio-france-analyse-ampleur-recits-frequents/#:~:text=L%E2%80%99agriculture%20et%20l%E2%80%99%C3%A9levage%20sont%20inoffensifs%20voire%20bons%20pour%20l%E2%80%99environnement%20(les%20prairies%20sont%20un%20puits%20de%20carbone)
